{"cameraMode":{"drawMode":0,"name":"Shaded","section":"Shading Mode"},"sceneLighting":false,"audioPlay":false,"sceneViewState":{"showFog":true,"showMaterialUpdate":true,"showSkybox":false,"showFlares":true,"showImageEffects":true,"showParticleSystems":true},"in2DMode":false,"pivot":{"x":0.3635006546974182,"y":0.7232377529144287,"z":-0.2121029943227768},"rotation":{"x":0.24924476444721223,"y":-0.35554349422454836,"z":0.09897395223379135,"w":0.8953601717948914},"size":0.7071076035499573,"orthographic":false}