{"cameraMode":{"drawMode":0,"name":"Shaded","section":"Shading Mode"},"sceneLighting":true,"audioPlay":false,"sceneViewState":{"showFog":true,"showMaterialUpdate":true,"showSkybox":true,"showFlares":true,"showImageEffects":true,"showParticleSystems":true},"in2DMode":false,"pivot":{"x":0.05263291299343109,"y":0.31858235597610476,"z":0.03582048416137695},"rotation":{"x":-0.00006073308031773195,"y":0.9991793036460877,"z":0.0014988264301791788,"w":0.040488895028829578},"size":0.8396136164665222,"orthographic":false}