{"cameraMode":{"drawMode":0,"name":"Shaded","section":"Shading Mode"},"sceneLighting":true,"audioPlay":false,"sceneViewState":{"showFog":true,"showMaterialUpdate":true,"showSkybox":true,"showFlares":true,"showImageEffects":true,"showParticleSystems":true},"in2DMode":false,"pivot":{"x":0.41315731406211855,"y":0.5822163224220276,"z":-0.3736790716648102},"rotation":{"x":0.24924476444721223,"y":-0.35554349422454836,"z":0.09897395223379135,"w":0.8953601717948914},"size":0.8396133780479431,"orthographic":false}