{"cameraMode":{"drawMode":0,"name":"Shaded","section":"Shading Mode"},"sceneLighting":true,"audioPlay":false,"sceneViewState":{"showFog":true,"showMaterialUpdate":true,"showSkybox":true,"showFlares":true,"showImageEffects":true,"showParticleSystems":true},"in2DMode":false,"pivot":{"x":0.5496537089347839,"y":-0.0349653959274292,"z":-0.1936091184616089},"rotation":{"x":5.93547877514311e-9,"y":0.9633703231811523,"z":-0.26817697286605837,"w":1.5415244192240608e-8},"size":1.1396136283874512,"orthographic":false}