{"cameraMode":{"drawMode":0,"name":"Shaded","section":"Shading Mode"},"sceneLighting":false,"audioPlay":false,"sceneViewState":{"showFog":true,"showMaterialUpdate":true,"showSkybox":false,"showFlares":true,"showImageEffects":true,"showParticleSystems":true},"in2DMode":false,"pivot":{"x":5.960464477539063e-8,"y":0.0494999997317791,"z":0.009999901056289673},"rotation":{"x":-0.007357744034379721,"y":0.990932822227478,"z":-0.11948604136705399,"w":-0.06101932376623154},"size":0.7089079022407532,"orthographic":false}